<metadata xml:lang="en"><Esri><CreaDate>20221108</CreaDate><CreaTime>12493700</CreaTime><ArcGISFormat>1.0</ArcGISFormat><SyncOnce>FALSE</SyncOnce><DataProperties><lineage><Process ToolSource="c:\program files\arcgis\pro\Resources\ArcToolbox\toolboxes\Data Management Tools.tbx\UpdateSchema" Date="20221108" Time="124937">UpdateSchema "CIMDATA=&lt;CIMStandardDataConnection xsi:type='typens:CIMStandardDataConnection' xmlns:xsi='http://www.w3.org/2001/XMLSchema-instance' xmlns:xs='http://www.w3.org/2001/XMLSchema' xmlns:typens='http://www.esri.com/schemas/ArcGIS/3.0.0'&gt;&lt;WorkspaceConnectionString&gt;DATABASE=D:\Research\Projects\International Journal of Applied Earth Observation and Geoinformation\tl_2020_36_bg&lt;/WorkspaceConnectionString&gt;&lt;WorkspaceFactory&gt;Shapefile&lt;/WorkspaceFactory&gt;&lt;Dataset&gt;tl_2020_36_bg&lt;/Dataset&gt;&lt;DatasetType&gt;esriDTFeatureClass&lt;/DatasetType&gt;&lt;/CIMStandardDataConnection&gt;" &lt;operationSequence&gt;&lt;workflow&gt;&lt;AddField&gt;&lt;field_name&gt;Pop_BG&lt;/field_name&gt;&lt;field_type&gt;LONG&lt;/field_type&gt;&lt;field_is_nullable&gt;False&lt;/field_is_nullable&gt;&lt;field_is_required&gt;False&lt;/field_is_required&gt;&lt;/AddField&gt;&lt;/workflow&gt;&lt;/operationSequence&gt;</Process><Process ToolSource="c:\program files\arcgis\pro\Resources\ArcToolbox\toolboxes\Data Management Tools.tbx\UpdateSchema" Date="20221108" Time="125224">UpdateSchema "CIMDATA=&lt;CIMStandardDataConnection xsi:type='typens:CIMStandardDataConnection' xmlns:xsi='http://www.w3.org/2001/XMLSchema-instance' xmlns:xs='http://www.w3.org/2001/XMLSchema' xmlns:typens='http://www.esri.com/schemas/ArcGIS/3.0.0'&gt;&lt;WorkspaceConnectionString&gt;DATABASE=D:\Research\Projects\International Journal of Applied Earth Observation and Geoinformation\tl_2020_36_bg&lt;/WorkspaceConnectionString&gt;&lt;WorkspaceFactory&gt;Shapefile&lt;/WorkspaceFactory&gt;&lt;Dataset&gt;tl_2020_36_bg&lt;/Dataset&gt;&lt;DatasetType&gt;esriDTFeatureClass&lt;/DatasetType&gt;&lt;/CIMStandardDataConnection&gt;" &lt;operationSequence&gt;&lt;workflow&gt;&lt;AddField&gt;&lt;field_name&gt;population&lt;/field_name&gt;&lt;field_type&gt;LONG&lt;/field_type&gt;&lt;field_is_nullable&gt;False&lt;/field_is_nullable&gt;&lt;field_is_required&gt;False&lt;/field_is_required&gt;&lt;/AddField&gt;&lt;/workflow&gt;&lt;/operationSequence&gt;</Process><Process ToolSource="c:\program files\arcgis\pro\Resources\ArcToolbox\toolboxes\Conversion Tools.tbx\ExportFeatures" Date="20221108" Time="125351">ExportFeatures Buffalo_BG "D:\Research\Projects\International Journal of Applied Earth Observation and Geoinformation\International Journal of Applied Earth Observation and Geoinformation\Default.gdb\Buffalo_Block_group" # NOT_USE_ALIAS "STATEFP "STATEFP" true true false 2 Text 0 0,First,#,Buffalo_BG,tl_2020_36_bg.STATEFP,0,2;COUNTYFP "COUNTYFP" true true false 3 Text 0 0,First,#,Buffalo_BG,tl_2020_36_bg.COUNTYFP,0,3;TRACTCE "TRACTCE" true true false 6 Text 0 0,First,#,Buffalo_BG,tl_2020_36_bg.TRACTCE,0,6;BLKGRPCE "BLKGRPCE" true true false 1 Text 0 0,First,#,Buffalo_BG,tl_2020_36_bg.BLKGRPCE,0,1;GEOID "GEOID" true true false 12 Text 0 0,First,#,Buffalo_BG,tl_2020_36_bg.GEOID,0,12;NAMELSAD "NAMELSAD" true true false 13 Text 0 0,First,#,Buffalo_BG,tl_2020_36_bg.NAMELSAD,0,13;MTFCC "MTFCC" true true false 5 Text 0 0,First,#,Buffalo_BG,tl_2020_36_bg.MTFCC,0,5;FUNCSTAT "FUNCSTAT" true true false 1 Text 0 0,First,#,Buffalo_BG,tl_2020_36_bg.FUNCSTAT,0,1;ALAND "ALAND" true true false 14 Double 0 14,First,#,Buffalo_BG,tl_2020_36_bg.ALAND,-1,-1;AWATER "AWATER" true true false 14 Double 0 14,First,#,Buffalo_BG,tl_2020_36_bg.AWATER,-1,-1;INTPTLAT "INTPTLAT" true true false 11 Text 0 0,First,#,Buffalo_BG,tl_2020_36_bg.INTPTLAT,0,11;INTPTLON "INTPTLON" true true false 12 Text 0 0,First,#,Buffalo_BG,tl_2020_36_bg.INTPTLON,0,12;OBJECTID "OBJECTID" false true false 4 Long 0 9,First,#,Buffalo_BG,population_bgb.OBJECTID,-1,-1;GEO_ID "GEO_ID" true true false 8000 Text 0 0,First,#,Buffalo_BG,population_bgb.GEO_ID,0,8000;NAME "NAME" true true false 8000 Text 0 0,First,#,Buffalo_BG,population_bgb.NAME,0,8000;P1_001N "P1_001N" true true false 4 Long 0 0,First,#,Buffalo_BG,population_bgb.P1_001N,-1,-1;New_GEO_id "New_GEO_id" true true false 255 Text 0 0,First,#,Buffalo_BG,population_bgb.New_GEO_id,0,255;population "popualtion" true true false 10 Long 0 10,First,#,Buffalo_BG,tl_2020_36_bg.population,-1,-1" #</Process><Process ToolSource="c:\program files\arcgis\pro\Resources\ArcToolbox\toolboxes\Data Management Tools.tbx\UpdateSchema" Date="20221108" Time="125523">UpdateSchema "CIMDATA=&lt;CIMStandardDataConnection xsi:type='typens:CIMStandardDataConnection' xmlns:xsi='http://www.w3.org/2001/XMLSchema-instance' xmlns:xs='http://www.w3.org/2001/XMLSchema' xmlns:typens='http://www.esri.com/schemas/ArcGIS/3.0.0'&gt;&lt;WorkspaceConnectionString&gt;DATABASE=D:\Research\Projects\International Journal of Applied Earth Observation and Geoinformation\International Journal of Applied Earth Observation and Geoinformation\Default.gdb&lt;/WorkspaceConnectionString&gt;&lt;WorkspaceFactory&gt;FileGDB&lt;/WorkspaceFactory&gt;&lt;Dataset&gt;Buffalo_Block_group&lt;/Dataset&gt;&lt;DatasetType&gt;esriDTFeatureClass&lt;/DatasetType&gt;&lt;/CIMStandardDataConnection&gt;" &lt;operationSequence&gt;&lt;workflow&gt;&lt;AddField&gt;&lt;field_name&gt;population_blockgroup&lt;/field_name&gt;&lt;field_type&gt;LONG&lt;/field_type&gt;&lt;field_is_nullable&gt;True&lt;/field_is_nullable&gt;&lt;field_is_required&gt;False&lt;/field_is_required&gt;&lt;/AddField&gt;&lt;/workflow&gt;&lt;/operationSequence&gt;</Process><Process ToolSource="c:\program files\arcgis\pro\Resources\ArcToolbox\toolboxes\Data Management Tools.tbx\UpdateSchema" Date="20221108" Time="125634">UpdateSchema "CIMDATA=&lt;CIMStandardDataConnection xsi:type='typens:CIMStandardDataConnection' xmlns:xsi='http://www.w3.org/2001/XMLSchema-instance' xmlns:xs='http://www.w3.org/2001/XMLSchema' xmlns:typens='http://www.esri.com/schemas/ArcGIS/3.0.0'&gt;&lt;WorkspaceConnectionString&gt;DATABASE=D:\Research\Projects\International Journal of Applied Earth Observation and Geoinformation\International Journal of Applied Earth Observation and Geoinformation\Default.gdb&lt;/WorkspaceConnectionString&gt;&lt;WorkspaceFactory&gt;FileGDB&lt;/WorkspaceFactory&gt;&lt;Dataset&gt;Buffalo_Block_group&lt;/Dataset&gt;&lt;DatasetType&gt;esriDTFeatureClass&lt;/DatasetType&gt;&lt;/CIMStandardDataConnection&gt;" &lt;operationSequence&gt;&lt;workflow&gt;&lt;DeleteField&gt;&lt;field_name&gt;OBJECTID&lt;/field_name&gt;&lt;field_name&gt;GEO_ID&lt;/field_name&gt;&lt;field_name&gt;NAME&lt;/field_name&gt;&lt;field_name&gt;P1_001N&lt;/field_name&gt;&lt;field_name&gt;New_GEO_id&lt;/field_name&gt;&lt;field_name&gt;population&lt;/field_name&gt;&lt;/DeleteField&gt;&lt;/workflow&gt;&lt;/operationSequence&gt;</Process><Process ToolSource="c:\program files\arcgis\pro\Resources\ArcToolbox\toolboxes\Conversion Tools.tbx\ExportFeatures" Date="20221108" Time="125715">ExportFeatures Buffalo_Block_group D:\Course\census_bg.shp # NOT_USE_ALIAS "STATEFP "STATEFP" true true false 2 Text 0 0,First,#,Buffalo_Block_group,STATEFP,0,2;COUNTYFP "COUNTYFP" true true false 3 Text 0 0,First,#,Buffalo_Block_group,COUNTYFP,0,3;TRACTCE "TRACTCE" true true false 6 Text 0 0,First,#,Buffalo_Block_group,TRACTCE,0,6;BLKGRPCE "BLKGRPCE" true true false 1 Text 0 0,First,#,Buffalo_Block_group,BLKGRPCE,0,1;GEOID "GEOID" true true false 12 Text 0 0,First,#,Buffalo_Block_group,GEOID,0,12;NAMELSAD "NAMELSAD" true true false 13 Text 0 0,First,#,Buffalo_Block_group,NAMELSAD,0,13;MTFCC "MTFCC" true true false 5 Text 0 0,First,#,Buffalo_Block_group,MTFCC,0,5;FUNCSTAT "FUNCSTAT" true true false 1 Text 0 0,First,#,Buffalo_Block_group,FUNCSTAT,0,1;ALAND "ALAND" true true false 8 Double 0 0,First,#,Buffalo_Block_group,ALAND,-1,-1;AWATER "AWATER" true true false 8 Double 0 0,First,#,Buffalo_Block_group,AWATER,-1,-1;INTPTLAT "INTPTLAT" true true false 11 Text 0 0,First,#,Buffalo_Block_group,INTPTLAT,0,11;INTPTLON "INTPTLON" true true false 12 Text 0 0,First,#,Buffalo_Block_group,INTPTLON,0,12;Shape_Length "Shape_Length" false true true 8 Double 0 0,First,#,Buffalo_Block_group,Shape_Length,-1,-1;Shape_Area "Shape_Area" false true true 8 Double 0 0,First,#,Buffalo_Block_group,Shape_Area,-1,-1;population_blockgroup "population_blockgroup" true true false 4 Long 0 0,First,#,Buffalo_Block_group,population_blockgroup,-1,-1" #</Process></lineage><itemProps><itemName Sync="TRUE">census_bg</itemName><imsContentType Sync="TRUE">002</imsContentType><itemLocation><linkage Sync="TRUE">file://\\DESKTOP-I4SF8A9\D$\Course\census_bg.shp</linkage><protocol Sync="TRUE">Local Area Network</protocol></itemLocation><itemSize Sync="TRUE">0.000</itemSize></itemProps><coordRef><type Sync="TRUE">Geographic</type><geogcsn Sync="TRUE">GCS_North_American_1983</geogcsn><csUnits Sync="TRUE">Angular Unit: Degree (0.017453)</csUnits><peXml Sync="TRUE">&lt;GeographicCoordinateSystem xsi:type='typens:GeographicCoordinateSystem' xmlns:xsi='http://www.w3.org/2001/XMLSchema-instance' xmlns:xs='http://www.w3.org/2001/XMLSchema' xmlns:typens='http://www.esri.com/schemas/ArcGIS/3.0.0'&gt;&lt;WKT&gt;GEOGCS[&amp;quot;GCS_North_American_1983&amp;quot;,DATUM[&amp;quot;D_North_American_1983&amp;quot;,SPHEROID[&amp;quot;GRS_1980&amp;quot;,6378137.0,298.257222101]],PRIMEM[&amp;quot;Greenwich&amp;quot;,0.0],UNIT[&amp;quot;Degree&amp;quot;,0.0174532925199433],AUTHORITY[&amp;quot;EPSG&amp;quot;,4269]]&lt;/WKT&gt;&lt;XOrigin&gt;-400&lt;/XOrigin&gt;&lt;YOrigin&gt;-400&lt;/YOrigin&gt;&lt;XYScale&gt;11258999068426.238&lt;/XYScale&gt;&lt;ZOrigin&gt;-100000&lt;/ZOrigin&gt;&lt;ZScale&gt;10000&lt;/ZScale&gt;&lt;MOrigin&gt;-100000&lt;/MOrigin&gt;&lt;MScale&gt;10000&lt;/MScale&gt;&lt;XYTolerance&gt;8.983152841195215e-09&lt;/XYTolerance&gt;&lt;ZTolerance&gt;0.001&lt;/ZTolerance&gt;&lt;MTolerance&gt;0.001&lt;/MTolerance&gt;&lt;HighPrecision&gt;true&lt;/HighPrecision&gt;&lt;LeftLongitude&gt;-180&lt;/LeftLongitude&gt;&lt;WKID&gt;4269&lt;/WKID&gt;&lt;LatestWKID&gt;4269&lt;/LatestWKID&gt;&lt;/GeographicCoordinateSystem&gt;</peXml></coordRef></DataProperties><SyncDate>20221108</SyncDate><SyncTime>12571500</SyncTime><ModDate>20221108</ModDate><ModTime>12571500</ModTime></Esri><dataIdInfo><envirDesc Sync="TRUE">Microsoft Windows 10 Version 10.0 (Build 19044) ; Esri ArcGIS 13.0.0.36056</envirDesc><dataLang><languageCode value="eng" Sync="TRUE"></languageCode><countryCode value="USA" Sync="TRUE"></countryCode></dataLang><idCitation><resTitle Sync="TRUE">census_bg</resTitle><presForm><PresFormCd value="005" Sync="TRUE"></PresFormCd></presForm></idCitation><spatRpType><SpatRepTypCd value="001" Sync="TRUE"></SpatRepTypCd></spatRpType></dataIdInfo><mdLang><languageCode value="eng" Sync="TRUE"></languageCode><countryCode value="USA" Sync="TRUE"></countryCode></mdLang><distInfo><distFormat><formatName Sync="TRUE">Shapefile</formatName></distFormat><distTranOps><transSize Sync="TRUE">0.000</transSize></distTranOps></distInfo><mdHrLv><ScopeCd value="005" Sync="TRUE"></ScopeCd></mdHrLv><mdHrLvName Sync="TRUE">dataset</mdHrLvName><refSysInfo><RefSystem><refSysID><identCode code="4269" Sync="TRUE"></identCode><idCodeSpace Sync="TRUE">EPSG</idCodeSpace><idVersion Sync="TRUE">6.5(3.0.1)</idVersion></refSysID></RefSystem></refSysInfo><spatRepInfo><VectSpatRep><geometObjs Name="census_bg"><geoObjTyp><GeoObjTypCd value="002" Sync="TRUE"></GeoObjTypCd></geoObjTyp><geoObjCnt Sync="TRUE">0</geoObjCnt></geometObjs><topLvl><TopoLevCd value="001" Sync="TRUE"></TopoLevCd></topLvl></VectSpatRep></spatRepInfo><spdoinfo><ptvctinf><esriterm Name="census_bg"><efeatyp Sync="TRUE">Simple</efeatyp><efeageom code="4" Sync="TRUE"></efeageom><esritopo Sync="TRUE">FALSE</esritopo><efeacnt Sync="TRUE">0</efeacnt><spindex Sync="TRUE">FALSE</spindex><linrefer Sync="TRUE">FALSE</linrefer></esriterm></ptvctinf></spdoinfo><eainfo><detailed Name="census_bg"><enttyp><enttypl Sync="TRUE">census_bg</enttypl><enttypt Sync="TRUE">Feature Class</enttypt><enttypc Sync="TRUE">0</enttypc></enttyp><attr><attrlabl Sync="TRUE">FID</attrlabl><attalias Sync="TRUE">FID</attalias><attrtype Sync="TRUE">OID</attrtype><attwidth Sync="TRUE">4</attwidth><atprecis Sync="TRUE">0</atprecis><attscale Sync="TRUE">0</attscale><attrdef Sync="TRUE">Internal feature number.</attrdef><attrdefs Sync="TRUE">Esri</attrdefs><attrdomv><udom Sync="TRUE">Sequential unique whole numbers that are automatically generated.</udom></attrdomv></attr><attr><attrlabl Sync="TRUE">Shape</attrlabl><attalias Sync="TRUE">Shape</attalias><attrtype Sync="TRUE">Geometry</attrtype><attwidth Sync="TRUE">0</attwidth><atprecis Sync="TRUE">0</atprecis><attscale Sync="TRUE">0</attscale><attrdef Sync="TRUE">Feature geometry.</attrdef><attrdefs Sync="TRUE">Esri</attrdefs><attrdomv><udom Sync="TRUE">Coordinates defining the features.</udom></attrdomv></attr><attr><attrlabl Sync="TRUE">STATEFP</attrlabl><attalias Sync="TRUE">STATEFP</attalias><attrtype Sync="TRUE">String</attrtype><attwidth Sync="TRUE">2</attwidth><atprecis Sync="TRUE">0</atprecis><attscale Sync="TRUE">0</attscale></attr><attr><attrlabl Sync="TRUE">COUNTYFP</attrlabl><attalias Sync="TRUE">COUNTYFP</attalias><attrtype Sync="TRUE">String</attrtype><attwidth Sync="TRUE">3</attwidth><atprecis Sync="TRUE">0</atprecis><attscale Sync="TRUE">0</attscale></attr><attr><attrlabl Sync="TRUE">TRACTCE</attrlabl><attalias Sync="TRUE">TRACTCE</attalias><attrtype Sync="TRUE">String</attrtype><attwidth Sync="TRUE">6</attwidth><atprecis Sync="TRUE">0</atprecis><attscale Sync="TRUE">0</attscale></attr><attr><attrlabl Sync="TRUE">BLKGRPCE</attrlabl><attalias Sync="TRUE">BLKGRPCE</attalias><attrtype Sync="TRUE">String</attrtype><attwidth Sync="TRUE">1</attwidth><atprecis Sync="TRUE">0</atprecis><attscale Sync="TRUE">0</attscale></attr><attr><attrlabl Sync="TRUE">GEOID</attrlabl><attalias Sync="TRUE">GEOID</attalias><attrtype Sync="TRUE">String</attrtype><attwidth Sync="TRUE">12</attwidth><atprecis Sync="TRUE">0</atprecis><attscale Sync="TRUE">0</attscale></attr><attr><attrlabl Sync="TRUE">NAMELSAD</attrlabl><attalias Sync="TRUE">NAMELSAD</attalias><attrtype Sync="TRUE">String</attrtype><attwidth Sync="TRUE">13</attwidth><atprecis Sync="TRUE">0</atprecis><attscale Sync="TRUE">0</attscale></attr><attr><attrlabl Sync="TRUE">MTFCC</attrlabl><attalias Sync="TRUE">MTFCC</attalias><attrtype Sync="TRUE">String</attrtype><attwidth Sync="TRUE">5</attwidth><atprecis Sync="TRUE">0</atprecis><attscale Sync="TRUE">0</attscale></attr><attr><attrlabl Sync="TRUE">FUNCSTAT</attrlabl><attalias Sync="TRUE">FUNCSTAT</attalias><attrtype Sync="TRUE">String</attrtype><attwidth Sync="TRUE">1</attwidth><atprecis Sync="TRUE">0</atprecis><attscale Sync="TRUE">0</attscale></attr><attr><attrlabl Sync="TRUE">ALAND</attrlabl><attalias Sync="TRUE">ALAND</attalias><attrtype Sync="TRUE">Double</attrtype><attwidth Sync="TRUE">19</attwidth><atprecis Sync="TRUE">0</atprecis><attscale Sync="TRUE">0</attscale></attr><attr><attrlabl Sync="TRUE">AWATER</attrlabl><attalias Sync="TRUE">AWATER</attalias><attrtype Sync="TRUE">Double</attrtype><attwidth Sync="TRUE">19</attwidth><atprecis Sync="TRUE">0</atprecis><attscale Sync="TRUE">0</attscale></attr><attr><attrlabl Sync="TRUE">INTPTLAT</attrlabl><attalias Sync="TRUE">INTPTLAT</attalias><attrtype Sync="TRUE">String</attrtype><attwidth Sync="TRUE">11</attwidth><atprecis Sync="TRUE">0</atprecis><attscale Sync="TRUE">0</attscale></attr><attr><attrlabl Sync="TRUE">INTPTLON</attrlabl><attalias Sync="TRUE">INTPTLON</attalias><attrtype Sync="TRUE">String</attrtype><attwidth Sync="TRUE">12</attwidth><atprecis Sync="TRUE">0</atprecis><attscale Sync="TRUE">0</attscale></attr><attr><attrlabl Sync="TRUE">Shape_Leng</attrlabl><attalias Sync="TRUE">Shape_Leng</attalias><attrtype Sync="TRUE">Double</attrtype><attwidth Sync="TRUE">19</attwidth><atprecis Sync="TRUE">0</atprecis><attscale Sync="TRUE">0</attscale></attr><attr><attrlabl Sync="TRUE">population</attrlabl><attalias Sync="TRUE">population</attalias><attrtype Sync="TRUE">Integer</attrtype><attwidth Sync="TRUE">10</attwidth><atprecis Sync="TRUE">10</atprecis><attscale Sync="TRUE">0</attscale></attr><attr><attrlabl Sync="TRUE">Shape_Area</attrlabl><attalias Sync="TRUE">Shape_Area</attalias><attrtype Sync="TRUE">Double</attrtype><attwidth Sync="TRUE">19</attwidth><atprecis Sync="TRUE">0</atprecis><attscale Sync="TRUE">0</attscale><attrdef Sync="TRUE">Area of feature in internal units squared.</attrdef><attrdefs Sync="TRUE">Esri</attrdefs><attrdomv><udom Sync="TRUE">Positive real numbers that are automatically generated.</udom></attrdomv></attr></detailed></eainfo><mdDateSt Sync="TRUE">20221108</mdDateSt></metadata>
